--
-- PostgreSQL database dump
--

-- Dumped from database version 17.0 (Debian 17.0-1.pgdg110+1)
-- Dumped by pg_dump version 17.3

SET statement_timeout = 0;
SET lock_timeout = 0;
SET idle_in_transaction_session_timeout = 0;
SET transaction_timeout = 0;
SET client_encoding = 'UTF8';
SET standard_conforming_strings = on;
SELECT pg_catalog.set_config('search_path', '', false);
SET check_function_bodies = false;
SET xmloption = content;
SET client_min_messages = warning;
SET row_security = off;

--
-- Name: tiger; Type: SCHEMA; Schema: -; Owner: postgres
--

CREATE SCHEMA tiger;


ALTER SCHEMA tiger OWNER TO postgres;

--
-- Name: tiger_data; Type: SCHEMA; Schema: -; Owner: postgres
--

CREATE SCHEMA tiger_data;


ALTER SCHEMA tiger_data OWNER TO postgres;

--
-- Name: topology; Type: SCHEMA; Schema: -; Owner: postgres
--

CREATE SCHEMA topology;


ALTER SCHEMA topology OWNER TO postgres;

--
-- Name: SCHEMA topology; Type: COMMENT; Schema: -; Owner: postgres
--

COMMENT ON SCHEMA topology IS 'PostGIS Topology schema';


--
-- Name: fuzzystrmatch; Type: EXTENSION; Schema: -; Owner: -
--

CREATE EXTENSION IF NOT EXISTS fuzzystrmatch WITH SCHEMA public;


--
-- Name: EXTENSION fuzzystrmatch; Type: COMMENT; Schema: -; Owner: 
--

COMMENT ON EXTENSION fuzzystrmatch IS 'determine similarities and distance between strings';


--
-- Name: postgis; Type: EXTENSION; Schema: -; Owner: -
--

CREATE EXTENSION IF NOT EXISTS postgis WITH SCHEMA public;


--
-- Name: EXTENSION postgis; Type: COMMENT; Schema: -; Owner: 
--

COMMENT ON EXTENSION postgis IS 'PostGIS geometry and geography spatial types and functions';


--
-- Name: postgis_tiger_geocoder; Type: EXTENSION; Schema: -; Owner: -
--

CREATE EXTENSION IF NOT EXISTS postgis_tiger_geocoder WITH SCHEMA tiger;


--
-- Name: EXTENSION postgis_tiger_geocoder; Type: COMMENT; Schema: -; Owner: 
--

COMMENT ON EXTENSION postgis_tiger_geocoder IS 'PostGIS tiger geocoder and reverse geocoder';


--
-- Name: postgis_topology; Type: EXTENSION; Schema: -; Owner: -
--

CREATE EXTENSION IF NOT EXISTS postgis_topology WITH SCHEMA topology;


--
-- Name: EXTENSION postgis_topology; Type: COMMENT; Schema: -; Owner: 
--

COMMENT ON EXTENSION postgis_topology IS 'PostGIS topology spatial types and functions';


SET default_tablespace = '';

SET default_table_access_method = heap;

--
-- Name: auth_group; Type: TABLE; Schema: public; Owner: postgres
--

CREATE TABLE public.auth_group (
    id integer NOT NULL,
    name character varying(150) NOT NULL
);


ALTER TABLE public.auth_group OWNER TO postgres;

--
-- Name: auth_group_id_seq; Type: SEQUENCE; Schema: public; Owner: postgres
--

ALTER TABLE public.auth_group ALTER COLUMN id ADD GENERATED BY DEFAULT AS IDENTITY (
    SEQUENCE NAME public.auth_group_id_seq
    START WITH 1
    INCREMENT BY 1
    NO MINVALUE
    NO MAXVALUE
    CACHE 1
);


--
-- Name: auth_group_permissions; Type: TABLE; Schema: public; Owner: postgres
--

CREATE TABLE public.auth_group_permissions (
    id bigint NOT NULL,
    group_id integer NOT NULL,
    permission_id integer NOT NULL
);


ALTER TABLE public.auth_group_permissions OWNER TO postgres;

--
-- Name: auth_group_permissions_id_seq; Type: SEQUENCE; Schema: public; Owner: postgres
--

ALTER TABLE public.auth_group_permissions ALTER COLUMN id ADD GENERATED BY DEFAULT AS IDENTITY (
    SEQUENCE NAME public.auth_group_permissions_id_seq
    START WITH 1
    INCREMENT BY 1
    NO MINVALUE
    NO MAXVALUE
    CACHE 1
);


--
-- Name: auth_permission; Type: TABLE; Schema: public; Owner: postgres
--

CREATE TABLE public.auth_permission (
    id integer NOT NULL,
    name character varying(255) NOT NULL,
    content_type_id integer NOT NULL,
    codename character varying(100) NOT NULL
);


ALTER TABLE public.auth_permission OWNER TO postgres;

--
-- Name: auth_permission_id_seq; Type: SEQUENCE; Schema: public; Owner: postgres
--

ALTER TABLE public.auth_permission ALTER COLUMN id ADD GENERATED BY DEFAULT AS IDENTITY (
    SEQUENCE NAME public.auth_permission_id_seq
    START WITH 1
    INCREMENT BY 1
    NO MINVALUE
    NO MAXVALUE
    CACHE 1
);


--
-- Name: catalogo_articulos; Type: TABLE; Schema: public; Owner: postgres
--

CREATE TABLE public.catalogo_articulos (
    id_articulo integer NOT NULL,
    nombre character varying(255) NOT NULL,
    descripcion text NOT NULL,
    precio numeric(10,2) NOT NULL,
    id_subrubro_id integer NOT NULL
);


ALTER TABLE public.catalogo_articulos OWNER TO postgres;

--
-- Name: catalogo_articulos_id_articulo_seq; Type: SEQUENCE; Schema: public; Owner: postgres
--

ALTER TABLE public.catalogo_articulos ALTER COLUMN id_articulo ADD GENERATED BY DEFAULT AS IDENTITY (
    SEQUENCE NAME public.catalogo_articulos_id_articulo_seq
    START WITH 1
    INCREMENT BY 1
    NO MINVALUE
    NO MAXVALUE
    CACHE 1
);


--
-- Name: django_admin_log; Type: TABLE; Schema: public; Owner: postgres
--

CREATE TABLE public.django_admin_log (
    id integer NOT NULL,
    action_time timestamp with time zone NOT NULL,
    object_id text,
    object_repr character varying(200) NOT NULL,
    action_flag smallint NOT NULL,
    change_message text NOT NULL,
    content_type_id integer,
    user_id bigint NOT NULL,
    CONSTRAINT django_admin_log_action_flag_check CHECK ((action_flag >= 0))
);


ALTER TABLE public.django_admin_log OWNER TO postgres;

--
-- Name: django_admin_log_id_seq; Type: SEQUENCE; Schema: public; Owner: postgres
--

ALTER TABLE public.django_admin_log ALTER COLUMN id ADD GENERATED BY DEFAULT AS IDENTITY (
    SEQUENCE NAME public.django_admin_log_id_seq
    START WITH 1
    INCREMENT BY 1
    NO MINVALUE
    NO MAXVALUE
    CACHE 1
);


--
-- Name: django_content_type; Type: TABLE; Schema: public; Owner: postgres
--

CREATE TABLE public.django_content_type (
    id integer NOT NULL,
    app_label character varying(100) NOT NULL,
    model character varying(100) NOT NULL
);


ALTER TABLE public.django_content_type OWNER TO postgres;

--
-- Name: django_content_type_id_seq; Type: SEQUENCE; Schema: public; Owner: postgres
--

ALTER TABLE public.django_content_type ALTER COLUMN id ADD GENERATED BY DEFAULT AS IDENTITY (
    SEQUENCE NAME public.django_content_type_id_seq
    START WITH 1
    INCREMENT BY 1
    NO MINVALUE
    NO MAXVALUE
    CACHE 1
);


--
-- Name: django_migrations; Type: TABLE; Schema: public; Owner: postgres
--

CREATE TABLE public.django_migrations (
    id bigint NOT NULL,
    app character varying(255) NOT NULL,
    name character varying(255) NOT NULL,
    applied timestamp with time zone NOT NULL
);


ALTER TABLE public.django_migrations OWNER TO postgres;

--
-- Name: django_migrations_id_seq; Type: SEQUENCE; Schema: public; Owner: postgres
--

ALTER TABLE public.django_migrations ALTER COLUMN id ADD GENERATED BY DEFAULT AS IDENTITY (
    SEQUENCE NAME public.django_migrations_id_seq
    START WITH 1
    INCREMENT BY 1
    NO MINVALUE
    NO MAXVALUE
    CACHE 1
);


--
-- Name: django_session; Type: TABLE; Schema: public; Owner: postgres
--

CREATE TABLE public.django_session (
    session_key character varying(40) NOT NULL,
    session_data text NOT NULL,
    expire_date timestamp with time zone NOT NULL
);


ALTER TABLE public.django_session OWNER TO postgres;

--
-- Name: interacciones_busquedas; Type: TABLE; Schema: public; Owner: postgres
--

CREATE TABLE public.interacciones_busquedas (
    id_busqueda integer NOT NULL,
    texto_busqueda character varying(255) NOT NULL,
    fecha timestamp with time zone NOT NULL,
    num_resultados integer NOT NULL,
    id_user_id integer NOT NULL
);


ALTER TABLE public.interacciones_busquedas OWNER TO postgres;

--
-- Name: interacciones_busquedas_id_busqueda_seq; Type: SEQUENCE; Schema: public; Owner: postgres
--

ALTER TABLE public.interacciones_busquedas ALTER COLUMN id_busqueda ADD GENERATED BY DEFAULT AS IDENTITY (
    SEQUENCE NAME public.interacciones_busquedas_id_busqueda_seq
    START WITH 1
    INCREMENT BY 1
    NO MINVALUE
    NO MAXVALUE
    CACHE 1
);


--
-- Name: interacciones_calificaciones; Type: TABLE; Schema: public; Owner: postgres
--

CREATE TABLE public.interacciones_calificaciones (
    id_calificacion integer NOT NULL,
    puntuacion integer NOT NULL,
    comentario text NOT NULL,
    fecha timestamp with time zone NOT NULL,
    id_user_id integer NOT NULL,
    id_user_vendedor_id integer NOT NULL
);


ALTER TABLE public.interacciones_calificaciones OWNER TO postgres;

--
-- Name: interacciones_calificaciones_id_calificacion_seq; Type: SEQUENCE; Schema: public; Owner: postgres
--

ALTER TABLE public.interacciones_calificaciones ALTER COLUMN id_calificacion ADD GENERATED BY DEFAULT AS IDENTITY (
    SEQUENCE NAME public.interacciones_calificaciones_id_calificacion_seq
    START WITH 1
    INCREMENT BY 1
    NO MINVALUE
    NO MAXVALUE
    CACHE 1
);


--
-- Name: mapas_area; Type: TABLE; Schema: public; Owner: postgres
--

CREATE TABLE public.mapas_area (
    id_area integer NOT NULL,
    tipo_area character varying(50) NOT NULL,
    coordenadas jsonb NOT NULL,
    descripcion text NOT NULL,
    color character varying(7) NOT NULL,
    geometria public.geometry(Geometry,4326)
);


ALTER TABLE public.mapas_area OWNER TO postgres;

--
-- Name: mapas_area_id_area_seq; Type: SEQUENCE; Schema: public; Owner: postgres
--

ALTER TABLE public.mapas_area ALTER COLUMN id_area ADD GENERATED BY DEFAULT AS IDENTITY (
    SEQUENCE NAME public.mapas_area_id_area_seq
    START WITH 1
    INCREMENT BY 1
    NO MINVALUE
    NO MAXVALUE
    CACHE 1
);


--
-- Name: mapas_rubros; Type: TABLE; Schema: public; Owner: postgres
--

CREATE TABLE public.mapas_rubros (
    id_rubro integer NOT NULL,
    nombre character varying(100) NOT NULL,
    descripcion text NOT NULL,
    id_area_id integer NOT NULL
);


ALTER TABLE public.mapas_rubros OWNER TO postgres;

--
-- Name: mapas_rubros_id_rubro_seq; Type: SEQUENCE; Schema: public; Owner: postgres
--

ALTER TABLE public.mapas_rubros ALTER COLUMN id_rubro ADD GENERATED BY DEFAULT AS IDENTITY (
    SEQUENCE NAME public.mapas_rubros_id_rubro_seq
    START WITH 1
    INCREMENT BY 1
    NO MINVALUE
    NO MAXVALUE
    CACHE 1
);


--
-- Name: mapas_subrubro; Type: TABLE; Schema: public; Owner: postgres
--

CREATE TABLE public.mapas_subrubro (
    id_subrubro integer NOT NULL,
    nombre character varying(100) NOT NULL,
    descripcion text NOT NULL,
    id_rubro_id integer NOT NULL
);


ALTER TABLE public.mapas_subrubro OWNER TO postgres;

--
-- Name: mapas_subrubro_id_subrubro_seq; Type: SEQUENCE; Schema: public; Owner: postgres
--

ALTER TABLE public.mapas_subrubro ALTER COLUMN id_subrubro ADD GENERATED BY DEFAULT AS IDENTITY (
    SEQUENCE NAME public.mapas_subrubro_id_subrubro_seq
    START WITH 1
    INCREMENT BY 1
    NO MINVALUE
    NO MAXVALUE
    CACHE 1
);


--
-- Name: negocios_negocio; Type: TABLE; Schema: public; Owner: postgres
--

CREATE TABLE public.negocios_negocio (
    id_negocio integer NOT NULL,
    nombre_negocio character varying(100) NOT NULL,
    descripcion text NOT NULL,
    id_user_id integer NOT NULL
);


ALTER TABLE public.negocios_negocio OWNER TO postgres;

--
-- Name: negocios_negocio_id_negocio_seq; Type: SEQUENCE; Schema: public; Owner: postgres
--

ALTER TABLE public.negocios_negocio ALTER COLUMN id_negocio ADD GENERATED BY DEFAULT AS IDENTITY (
    SEQUENCE NAME public.negocios_negocio_id_negocio_seq
    START WITH 1
    INCREMENT BY 1
    NO MINVALUE
    NO MAXVALUE
    CACHE 1
);


--
-- Name: rutas_historial_rutas; Type: TABLE; Schema: public; Owner: postgres
--

CREATE TABLE public.rutas_historial_rutas (
    id_rutas integer NOT NULL,
    ruta_completa jsonb NOT NULL,
    visitada boolean NOT NULL,
    fecha timestamp with time zone NOT NULL,
    id_articulo_id integer NOT NULL,
    id_user_id integer NOT NULL
);


ALTER TABLE public.rutas_historial_rutas OWNER TO postgres;

--
-- Name: rutas_historial_rutas_id_rutas_seq; Type: SEQUENCE; Schema: public; Owner: postgres
--

ALTER TABLE public.rutas_historial_rutas ALTER COLUMN id_rutas ADD GENERATED BY DEFAULT AS IDENTITY (
    SEQUENCE NAME public.rutas_historial_rutas_id_rutas_seq
    START WITH 1
    INCREMENT BY 1
    NO MINVALUE
    NO MAXVALUE
    CACHE 1
);


--
-- Name: suscripciones_suscripciones; Type: TABLE; Schema: public; Owner: postgres
--

CREATE TABLE public.suscripciones_suscripciones (
    id_suscripcion integer NOT NULL,
    tipo character varying(20) NOT NULL,
    fecha_inicio timestamp with time zone NOT NULL,
    fecha_final timestamp with time zone NOT NULL,
    estado character varying(20) NOT NULL,
    costo numeric(10,2) NOT NULL,
    id_user_id integer NOT NULL
);


ALTER TABLE public.suscripciones_suscripciones OWNER TO postgres;

--
-- Name: suscripciones_suscripciones_id_suscripcion_seq; Type: SEQUENCE; Schema: public; Owner: postgres
--

ALTER TABLE public.suscripciones_suscripciones ALTER COLUMN id_suscripcion ADD GENERATED BY DEFAULT AS IDENTITY (
    SEQUENCE NAME public.suscripciones_suscripciones_id_suscripcion_seq
    START WITH 1
    INCREMENT BY 1
    NO MINVALUE
    NO MAXVALUE
    CACHE 1
);


--
-- Name: usuarios_ubicaciones; Type: TABLE; Schema: public; Owner: postgres
--

CREATE TABLE public.usuarios_ubicaciones (
    id_ubicacion integer NOT NULL,
    latitud numeric(9,6) NOT NULL,
    longitud numeric(9,6) NOT NULL,
    tipo character varying(10) NOT NULL,
    fecha_actualizacion timestamp with time zone NOT NULL,
    id_user_id integer NOT NULL
);


ALTER TABLE public.usuarios_ubicaciones OWNER TO postgres;

--
-- Name: usuarios_ubicaciones_id_ubicacion_seq; Type: SEQUENCE; Schema: public; Owner: postgres
--

ALTER TABLE public.usuarios_ubicaciones ALTER COLUMN id_ubicacion ADD GENERATED BY DEFAULT AS IDENTITY (
    SEQUENCE NAME public.usuarios_ubicaciones_id_ubicacion_seq
    START WITH 1
    INCREMENT BY 1
    NO MINVALUE
    NO MAXVALUE
    CACHE 1
);


--
-- Name: usuarios_userapp; Type: TABLE; Schema: public; Owner: postgres
--

CREATE TABLE public.usuarios_userapp (
    id_user integer NOT NULL,
    "UID" character varying(255) NOT NULL,
    email character varying(255),
    proveedor character varying(50) NOT NULL,
    nombre character varying(255),
    imagen character varying(500),
    rol character varying(50) NOT NULL,
    ultimo_inicio timestamp with time zone NOT NULL,
    telefono character varying(20),
    estado character varying(10) NOT NULL
);


ALTER TABLE public.usuarios_userapp OWNER TO postgres;

--
-- Name: usuarios_userapp_id_user_seq; Type: SEQUENCE; Schema: public; Owner: postgres
--

ALTER TABLE public.usuarios_userapp ALTER COLUMN id_user ADD GENERATED BY DEFAULT AS IDENTITY (
    SEQUENCE NAME public.usuarios_userapp_id_user_seq
    START WITH 1
    INCREMENT BY 1
    NO MINVALUE
    NO MAXVALUE
    CACHE 1
);


--
-- Name: usuarios_usuario; Type: TABLE; Schema: public; Owner: postgres
--

CREATE TABLE public.usuarios_usuario (
    id bigint NOT NULL,
    password character varying(128) NOT NULL,
    last_login timestamp with time zone,
    is_superuser boolean NOT NULL,
    email character varying(254) NOT NULL,
    nombre character varying(100) NOT NULL,
    telefono character varying(20),
    tipo_usuario character varying(20) NOT NULL,
    is_active boolean NOT NULL,
    is_staff boolean NOT NULL,
    fecha_creacion timestamp with time zone NOT NULL,
    firebase_uid character varying(128)
);


ALTER TABLE public.usuarios_usuario OWNER TO postgres;

--
-- Name: usuarios_usuario_groups; Type: TABLE; Schema: public; Owner: postgres
--

CREATE TABLE public.usuarios_usuario_groups (
    id bigint NOT NULL,
    usuario_id bigint NOT NULL,
    group_id integer NOT NULL
);


ALTER TABLE public.usuarios_usuario_groups OWNER TO postgres;

--
-- Name: usuarios_usuario_groups_id_seq; Type: SEQUENCE; Schema: public; Owner: postgres
--

ALTER TABLE public.usuarios_usuario_groups ALTER COLUMN id ADD GENERATED BY DEFAULT AS IDENTITY (
    SEQUENCE NAME public.usuarios_usuario_groups_id_seq
    START WITH 1
    INCREMENT BY 1
    NO MINVALUE
    NO MAXVALUE
    CACHE 1
);


--
-- Name: usuarios_usuario_id_seq; Type: SEQUENCE; Schema: public; Owner: postgres
--

ALTER TABLE public.usuarios_usuario ALTER COLUMN id ADD GENERATED BY DEFAULT AS IDENTITY (
    SEQUENCE NAME public.usuarios_usuario_id_seq
    START WITH 1
    INCREMENT BY 1
    NO MINVALUE
    NO MAXVALUE
    CACHE 1
);


--
-- Name: usuarios_usuario_user_permissions; Type: TABLE; Schema: public; Owner: postgres
--

CREATE TABLE public.usuarios_usuario_user_permissions (
    id bigint NOT NULL,
    usuario_id bigint NOT NULL,
    permission_id integer NOT NULL
);


ALTER TABLE public.usuarios_usuario_user_permissions OWNER TO postgres;

--
-- Name: usuarios_usuario_user_permissions_id_seq; Type: SEQUENCE; Schema: public; Owner: postgres
--

ALTER TABLE public.usuarios_usuario_user_permissions ALTER COLUMN id ADD GENERATED BY DEFAULT AS IDENTITY (
    SEQUENCE NAME public.usuarios_usuario_user_permissions_id_seq
    START WITH 1
    INCREMENT BY 1
    NO MINVALUE
    NO MAXVALUE
    CACHE 1
);


--
-- Name: ventas_articulos_venta; Type: TABLE; Schema: public; Owner: postgres
--

CREATE TABLE public.ventas_articulos_venta (
    id_venta integer NOT NULL,
    nombre character varying(255) NOT NULL,
    descripcion text NOT NULL,
    precio numeric(10,2) NOT NULL,
    fecha timestamp with time zone NOT NULL,
    estado character varying(20) NOT NULL,
    id_user_id integer NOT NULL
);


ALTER TABLE public.ventas_articulos_venta OWNER TO postgres;

--
-- Name: ventas_articulos_venta_id_venta_seq; Type: SEQUENCE; Schema: public; Owner: postgres
--

ALTER TABLE public.ventas_articulos_venta ALTER COLUMN id_venta ADD GENERATED BY DEFAULT AS IDENTITY (
    SEQUENCE NAME public.ventas_articulos_venta_id_venta_seq
    START WITH 1
    INCREMENT BY 1
    NO MINVALUE
    NO MAXVALUE
    CACHE 1
);


--
-- Name: ventas_galeria; Type: TABLE; Schema: public; Owner: postgres
--

CREATE TABLE public.ventas_galeria (
    id_galeria integer NOT NULL,
    tipo character varying(20) NOT NULL,
    url character varying(200) NOT NULL,
    descripcion character varying(255) NOT NULL,
    id_venta_id integer NOT NULL
);


ALTER TABLE public.ventas_galeria OWNER TO postgres;

--
-- Name: ventas_galeria_id_galeria_seq; Type: SEQUENCE; Schema: public; Owner: postgres
--

ALTER TABLE public.ventas_galeria ALTER COLUMN id_galeria ADD GENERATED BY DEFAULT AS IDENTITY (
    SEQUENCE NAME public.ventas_galeria_id_galeria_seq
    START WITH 1
    INCREMENT BY 1
    NO MINVALUE
    NO MAXVALUE
    CACHE 1
);


--
-- Name: ventas_ofertas; Type: TABLE; Schema: public; Owner: postgres
--

CREATE TABLE public.ventas_ofertas (
    id_oferta integer NOT NULL,
    precio numeric(10,2) NOT NULL,
    imagen character varying(200) NOT NULL,
    fecha_inicio timestamp with time zone NOT NULL,
    fecha_final timestamp with time zone NOT NULL,
    estado character varying(20) NOT NULL,
    id_venta_id integer NOT NULL
);


ALTER TABLE public.ventas_ofertas OWNER TO postgres;

--
-- Name: ventas_ofertas_id_oferta_seq; Type: SEQUENCE; Schema: public; Owner: postgres
--

ALTER TABLE public.ventas_ofertas ALTER COLUMN id_oferta ADD GENERATED BY DEFAULT AS IDENTITY (
    SEQUENCE NAME public.ventas_ofertas_id_oferta_seq
    START WITH 1
    INCREMENT BY 1
    NO MINVALUE
    NO MAXVALUE
    CACHE 1
);


--
-- Data for Name: auth_group; Type: TABLE DATA; Schema: public; Owner: postgres
--

COPY public.auth_group (id, name) FROM stdin;
\.


--
-- Data for Name: auth_group_permissions; Type: TABLE DATA; Schema: public; Owner: postgres
--

COPY public.auth_group_permissions (id, group_id, permission_id) FROM stdin;
\.


--
-- Data for Name: auth_permission; Type: TABLE DATA; Schema: public; Owner: postgres
--

COPY public.auth_permission (id, name, content_type_id, codename) FROM stdin;
1	Can add log entry	1	add_logentry
2	Can change log entry	1	change_logentry
3	Can delete log entry	1	delete_logentry
4	Can view log entry	1	view_logentry
5	Can add permission	2	add_permission
6	Can change permission	2	change_permission
7	Can delete permission	2	delete_permission
8	Can view permission	2	view_permission
9	Can add group	3	add_group
10	Can change group	3	change_group
11	Can delete group	3	delete_group
12	Can view group	3	view_group
13	Can add content type	4	add_contenttype
14	Can change content type	4	change_contenttype
15	Can delete content type	4	delete_contenttype
16	Can view content type	4	view_contenttype
17	Can add session	5	add_session
18	Can change session	5	change_session
19	Can delete session	5	delete_session
20	Can view session	5	view_session
21	Can add usuario	6	add_usuario
22	Can change usuario	6	change_usuario
23	Can delete usuario	6	delete_usuario
24	Can view usuario	6	view_usuario
25	Can add user app	7	add_userapp
26	Can change user app	7	change_userapp
27	Can delete user app	7	delete_userapp
28	Can view user app	7	view_userapp
29	Can add ubicaciones	8	add_ubicaciones
30	Can change ubicaciones	8	change_ubicaciones
31	Can delete ubicaciones	8	delete_ubicaciones
32	Can view ubicaciones	8	view_ubicaciones
33	Can add negocio	9	add_negocio
34	Can change negocio	9	change_negocio
35	Can delete negocio	9	delete_negocio
36	Can view negocio	9	view_negocio
37	Can add suscripciones	10	add_suscripciones
38	Can change suscripciones	10	change_suscripciones
39	Can delete suscripciones	10	delete_suscripciones
40	Can view suscripciones	10	view_suscripciones
41	Can add area	11	add_area
42	Can change area	11	change_area
43	Can delete area	11	delete_area
44	Can view area	11	view_area
45	Can add rubros	12	add_rubros
46	Can change rubros	12	change_rubros
47	Can delete rubros	12	delete_rubros
48	Can view rubros	12	view_rubros
49	Can add subrubro	13	add_subrubro
50	Can change subrubro	13	change_subrubro
51	Can delete subrubro	13	delete_subrubro
52	Can view subrubro	13	view_subrubro
53	Can add articulos	14	add_articulos
54	Can change articulos	14	change_articulos
55	Can delete articulos	14	delete_articulos
56	Can view articulos	14	view_articulos
57	Can add articulo s_venta	15	add_articulos_venta
58	Can change articulo s_venta	15	change_articulos_venta
59	Can delete articulo s_venta	15	delete_articulos_venta
60	Can view articulo s_venta	15	view_articulos_venta
61	Can add ofertas	16	add_ofertas
62	Can change ofertas	16	change_ofertas
63	Can delete ofertas	16	delete_ofertas
64	Can view ofertas	16	view_ofertas
65	Can add galeria	17	add_galeria
66	Can change galeria	17	change_galeria
67	Can delete galeria	17	delete_galeria
68	Can view galeria	17	view_galeria
69	Can add calificaciones	18	add_calificaciones
70	Can change calificaciones	18	change_calificaciones
71	Can delete calificaciones	18	delete_calificaciones
72	Can view calificaciones	18	view_calificaciones
73	Can add busquedas	19	add_busquedas
74	Can change busquedas	19	change_busquedas
75	Can delete busquedas	19	delete_busquedas
76	Can view busquedas	19	view_busquedas
77	Can add historia l_rutas	20	add_historial_rutas
78	Can change historia l_rutas	20	change_historial_rutas
79	Can delete historia l_rutas	20	delete_historial_rutas
80	Can view historia l_rutas	20	view_historial_rutas
\.


--
-- Data for Name: catalogo_articulos; Type: TABLE DATA; Schema: public; Owner: postgres
--

COPY public.catalogo_articulos (id_articulo, nombre, descripcion, precio, id_subrubro_id) FROM stdin;
1	Ropa militar	Artículo Ropa militar	0.00	1
2	Comida	Artículo Comida	0.00	2
3	Plantas de interior	Artículo Plantas de interior	0.00	3
4	Vegetales (verduras)	Artículo Vegetales (verduras)	0.00	4
5	Accesorios militares	Artículo Accesorios militares	0.00	1
6	Ropa usada	Artículo Ropa usada	0.00	5
7	Accesorios para mascotas	Artículo Accesorios para mascotas	0.00	6
8	Plantas de interior 	Artículo Plantas de interior 	0.00	3
9	Ropa nueva	Artículo Ropa nueva	0.00	7
10	Cortinas 	Artículo Cortinas 	0.00	8
11	Muebles varios (camas, living, roperos)	Artículo Muebles varios (camas, living, roperos)	0.00	9
12	Comida para mascotas	Artículo Comida para mascotas	0.00	6
13	Plantas de interior	Artículo Plantas de interior	0.00	3
14	Ropa usada	Artículo Ropa usada	0.00	5
15	Ropa nueva  	Artículo Ropa nueva  	0.00	7
16	Ropa nueva  	Artículo Ropa nueva  	0.00	7
17	Zapatillas deportivas nuevas (tenis)	Artículo Zapatillas deportivas nuevas (tenis)	0.00	10
18	Ropa nueva  	Artículo Ropa nueva  	0.00	7
19	Comida de mascotas 	Artículo Comida de mascotas 	0.00	6
20	Ollas	Artículo Ollas	0.00	11
21	Juguetes usados	Artículo Juguetes usados	0.00	12
22	Zapatillas deportivas nuevas (tenis)	Artículo Zapatillas deportivas nuevas (tenis)	0.00	10
23	Comida	Artículo Comida	0.00	13
24	Zapatillas deportivas nuevas (tenis)	Artículo Zapatillas deportivas nuevas (tenis)	0.00	10
25	Ropa nueva  	Artículo Ropa nueva  	0.00	7
26	Accesorios para mascotas	Artículo Accesorios para mascotas	0.00	6
27	Ropa para mascotas	Artículo Ropa para mascotas	0.00	6
28	Carnicerías	Artículo Carnicerías	0.00	14
29	Frutas	Artículo Frutas	0.00	4
30	Comida	Artículo Comida	0.00	13
31	Ollas	Artículo Ollas	0.00	11
32	Zapatillas deportivas nuevas (tenis)	Artículo Zapatillas deportivas nuevas (tenis)	0.00	10
\.


--
-- Data for Name: django_admin_log; Type: TABLE DATA; Schema: public; Owner: postgres
--

COPY public.django_admin_log (id, action_time, object_id, object_repr, action_flag, change_message, content_type_id, user_id) FROM stdin;
\.


--
-- Data for Name: django_content_type; Type: TABLE DATA; Schema: public; Owner: postgres
--

COPY public.django_content_type (id, app_label, model) FROM stdin;
1	admin	logentry
2	auth	permission
3	auth	group
4	contenttypes	contenttype
5	sessions	session
6	usuarios	usuario
7	usuarios	userapp
8	usuarios	ubicaciones
9	negocios	negocio
10	suscripciones	suscripciones
11	mapas	area
12	mapas	rubros
13	mapas	subrubro
14	catalogo	articulos
15	ventas	articulos_venta
16	ventas	ofertas
17	ventas	galeria
18	interacciones	calificaciones
19	interacciones	busquedas
20	rutas	historial_rutas
\.


--
-- Data for Name: django_migrations; Type: TABLE DATA; Schema: public; Owner: postgres
--

COPY public.django_migrations (id, app, name, applied) FROM stdin;
1	contenttypes	0001_initial	2026-02-12 23:11:39.807595+00
2	contenttypes	0002_remove_content_type_name	2026-02-12 23:11:39.816975+00
3	auth	0001_initial	2026-02-12 23:11:39.860115+00
4	auth	0002_alter_permission_name_max_length	2026-02-12 23:11:39.866156+00
5	auth	0003_alter_user_email_max_length	2026-02-12 23:11:39.873907+00
6	auth	0004_alter_user_username_opts	2026-02-12 23:11:39.880003+00
7	auth	0005_alter_user_last_login_null	2026-02-12 23:11:39.897832+00
8	auth	0006_require_contenttypes_0002	2026-02-12 23:11:39.901306+00
9	auth	0007_alter_validators_add_error_messages	2026-02-12 23:11:39.908443+00
10	auth	0008_alter_user_username_max_length	2026-02-12 23:11:39.914162+00
11	auth	0009_alter_user_last_name_max_length	2026-02-12 23:11:39.935001+00
12	auth	0010_alter_group_name_max_length	2026-02-12 23:11:39.945052+00
13	auth	0011_update_proxy_permissions	2026-02-12 23:11:39.95562+00
14	auth	0012_alter_user_first_name_max_length	2026-02-12 23:11:39.963713+00
15	usuarios	0001_initial	2026-02-12 23:11:40.002754+00
16	admin	0001_initial	2026-02-12 23:11:40.023356+00
17	admin	0002_logentry_remove_auto_add	2026-02-12 23:11:40.033052+00
18	admin	0003_logentry_add_action_flag_choices	2026-02-12 23:11:40.041888+00
19	mapas	0001_initial	2026-02-12 23:11:40.062202+00
20	catalogo	0001_initial	2026-02-12 23:11:40.072991+00
21	usuarios	0002_usuario_firebase_uid	2026-02-12 23:11:40.099079+00
22	usuarios	0003_userapp	2026-02-12 23:11:40.109141+00
23	usuarios	0004_userapp_telefono_alter_userapp_uid_and_more	2026-02-12 23:11:40.143285+00
24	usuarios	0005_userapp_estado	2026-02-12 23:11:40.149455+00
25	usuarios	0006_ubicaciones	2026-02-12 23:11:40.170254+00
26	usuarios	0007_alter_ubicaciones_fecha_actualizacion_and_more	2026-02-12 23:11:40.181733+00
27	interacciones	0001_initial	2026-02-12 23:11:40.197856+00
28	interacciones	0002_alter_calificaciones_fecha_and_more	2026-02-12 23:11:40.231031+00
29	mapas	0002_alter_area_tipo_area_alter_rubros_id_area_and_more	2026-02-12 23:11:40.240434+00
30	mapas	0003_area_geometria	2026-02-12 23:11:40.2568+00
31	negocios	0001_initial	2026-02-12 23:11:40.284073+00
32	negocios	0002_alter_negocio_id_user_and_more	2026-02-12 23:11:40.296436+00
33	rutas	0001_initial	2026-02-12 23:11:40.317323+00
34	sessions	0001_initial	2026-02-12 23:11:40.326776+00
35	suscripciones	0001_initial	2026-02-12 23:11:40.346831+00
36	ventas	0001_initial	2026-02-12 23:11:40.396877+00
37	ventas	0002_articulos_venta_ventas_arti_id_user_9c675f_idx_and_more	2026-02-12 23:11:40.417118+00
\.


--
-- Data for Name: django_session; Type: TABLE DATA; Schema: public; Owner: postgres
--

COPY public.django_session (session_key, session_data, expire_date) FROM stdin;
8otg0c2d36q2bj8o1dyyvx5ajv05byxc	.eJxVjEsOwiAUAO_C2hD-PF267xnIKzykaiAp7cp4dyXpQrczk3mxgPtWwt5pDUtiFybZ6ZfNGB9Uh0h3rLfGY6vbusx8JPywnU8t0fN6tH-Dgr2MrVOQhRJKKmssQZbgMYK00sBZ60SoHaIDsNF-AwcCYwbvCSOZrAV7fwCoJzbp:1v6xam:8rvduchgn0VwRxcJUFzlZ2SP2jFAGFO-p3gQFLHjUP4	2025-10-23 20:50:28.981721+00
5pmlbm90kcs8uzik75ffjskluhrt1zc0	.eJxVjEEOwiAQAP_C2RCgbhc8evcNZIFFqgaS0p6MfzckPeh1ZjJv4Wnfit87r35J4iI0iNMvDBSfXIdJD6r3JmOr27oEORJ52C5vLfHrerR_g0K9jK9GDhZRMeZpSkwpI2TUIduYGWfiqMi6CEYjgMlWu8BkojIB4exm8fkCJHY4eg:1vVewa:GiuncQ5gt7TUvEvqkfqDOPSYjLH7VOdKdPEAmdba57k	2025-12-30 23:59:04.598962+00
\.


--
-- Data for Name: interacciones_busquedas; Type: TABLE DATA; Schema: public; Owner: postgres
--

COPY public.interacciones_busquedas (id_busqueda, texto_busqueda, fecha, num_resultados, id_user_id) FROM stdin;
\.


--
-- Data for Name: interacciones_calificaciones; Type: TABLE DATA; Schema: public; Owner: postgres
--

COPY public.interacciones_calificaciones (id_calificacion, puntuacion, comentario, fecha, id_user_id, id_user_vendedor_id) FROM stdin;
\.


--
-- Data for Name: mapas_area; Type: TABLE DATA; Schema: public; Owner: postgres
--

COPY public.mapas_area (id_area, tipo_area, coordenadas, descripcion, color, geometria) FROM stdin;
1	Poligono	{"tipo": "polygon", "nombre": "Feria 16 de Julio", "puntos": [{"lat": -16.49771022, "lng": -68.16512334}, {"lat": -16.49786462, "lng": -68.16523475}, {"lat": -16.49822661, "lng": -68.164954}, {"lat": -16.49930844, "lng": -68.16427153}, {"lat": -16.49937262, "lng": -68.16437339}, {"lat": -16.50063635, "lng": -68.16338823}, {"lat": -16.50173476, "lng": -68.16272748}, {"lat": -16.50193693, "lng": -68.16264423}, {"lat": -16.50201414, "lng": -68.16263714}, {"lat": -16.50205592, "lng": -68.16267889}, {"lat": -16.50257585, "lng": -68.16273258}, {"lat": -16.50288429, "lng": -68.16274005}, {"lat": -16.50302501, "lng": -68.16283484}, {"lat": -16.50307277, "lng": -68.16301694}, {"lat": -16.50295539, "lng": -68.16372976}, {"lat": -16.50258819, "lng": -68.16448069}, {"lat": -16.50200081, "lng": -68.16670667}, {"lat": -16.50170081, "lng": -68.16786509}, {"lat": -16.5005621, "lng": -68.17168374}, {"lat": -16.50017589, "lng": -68.17326393}, {"lat": -16.49970865, "lng": -68.17485742}, {"lat": -16.49924654, "lng": -68.17689494}, {"lat": -16.49827525, "lng": -68.17663307}, {"lat": -16.49725024, "lng": -68.17640403}, {"lat": -16.49675039, "lng": -68.17836175}, {"lat": -16.49657756, "lng": -68.17893212}, {"lat": -16.49584572, "lng": -68.17794194}, {"lat": -16.49554979, "lng": -68.17904057}, {"lat": -16.4943511, "lng": -68.1793781}, {"lat": -16.49324097, "lng": -68.17916086}, {"lat": -16.49282028, "lng": -68.18111921}, {"lat": -16.49235617, "lng": -68.1768812}, {"lat": -16.49146803, "lng": -68.17461484}, {"lat": -16.49084169, "lng": -68.17638888}, {"lat": -16.48996421, "lng": -68.17231176}, {"lat": -16.48818808, "lng": -68.17174148}, {"lat": -16.48755126, "lng": -68.17166657}, {"lat": -16.48825523, "lng": -68.17115991}, {"lat": -16.48966737, "lng": -68.17096001}, {"lat": -16.49015748, "lng": -68.17100474}, {"lat": -16.49126172, "lng": -68.17071665}, {"lat": -16.49234616, "lng": -68.16969124}, {"lat": -16.49374195, "lng": -68.16862895}, {"lat": -16.49548561, "lng": -68.1670382}, {"lat": -16.49646705, "lng": -68.16618151}, {"lat": -16.49722243, "lng": -68.1656966}, {"lat": -16.49746635, "lng": -68.16538961}, {"lat": -16.49798362, "lng": -68.16513314}]}	Perímetro general de la Feria 16 de Julio	#FF0000	0103000020E61000000100000031000000CD467C61910A51C0F3C8DDEF697F30C06ADAC534930A51C048BC440E747F30C00AD6389B8E0A51C06BF273C78B7F30C0E340BC6C830A51C0B26A8CADD27F30C07D98F717850A51C0F76A4FE2D67F30C0AF19E8F3740A51C056702EB4298030C0AC3085206A0A51C0677771B0718030C0EB2E58C3680A51C030014BF07E8030C08F5A9BA5680A51C0F86DA9FF838030C02C13B854690A51C0C7299DBC868030C0FF45E9356A0A51C0688297CFA88030C0F61F3E556A0A51C0E1385B06BD8030C0C31CD2E26B0A51C024053F3FC68030C09E7F9ADE6E0A51C07BA88660C98030C03E25638C7A0A51C09D6537AFC18030C0E81704DA860A51C0E5679F9EA98030C034EB7352AB0A51C0F8830520838030C02BEC374DBE0A51C0A353DB766F8030C08523CCDDFC0A51C0F91D79D6248030C04B3B98C1160B51C036CCF1860B8030C03A172DDD300B51C03F47F5E7EC7F30C02F88273F520B51C0F0F0099FCE7F30C0B1C2CAF44D0B51C0FE277FF78E7F30C0E3EE20344A0B51C068BAAECA4B7F30C0DEC666476A0B51C0435397082B7F30C0A7E6B49F730B51C0A220FCB41F7F30C0C1389766630B51C0F642BFBEEF7E30C0A9339466750B51C0F496DD59DC7E30C0974748EE7A0B51C0DB3D2FCB8D7E30C0169B1C5F770B51C083324B0A457E30C027E80675970B51C0D3674978297E30C0BE518605520B51C04222D00D0B7E30C090CCB8E32C0B51C02AE14BD9D07D30C099BE95F4490B51C039100ECDA77D30C0A37AE727070B51C01529624B6E7D30C0DDFDF9CFFD0A51C0A4E5DDE4F97C30C0DBFDC795FC0A51C0D7D2CC28D07C30C086F5B148F40A51C072F3744BFE7C30C0EDF74002F10A51C07E113CD75A7D30C0B470DDBDF10A51C0627DEAF57A7D30C07E288705ED0A51C03D2DFD53C37D30C0EF8DA538DC0A51C0DD82DF650A7E30C02A5A14D1CA0A51C0CCE957DF657E30C0B18BFDC0B00A51C0AF961A25D87E30C098A9C5B7A20A51C0A64AEF76187F30C0BD83E9C59A0A51C00AB01BF8497F30C016834DBE950A51C0491C68F4597F30C04AF2968A910A51C0FCD7C1DA7B7F30C0CD467C61910A51C0F3C8DDEF697F30C0
3	Polilinea	{"tipo": "polyline", "puntos": [{"lat": -16.49867948, "lng": -68.17471003}, {"lat": -16.49827298, "lng": -68.17620568}]}	Área relevada para Alimentos y Bebidas\n / Comida	#FF5722	0102000020E6100000020000008648FA722E0B51C04AC95975A97F30C00B3E30F4460B51C0999469D18E7F30C0
4	Polilinea	{"tipo": "polyline", "puntos": [{"lat": -16.49828129, "lng": -68.17617053}, {"lat": -16.4982917, "lng": -68.17623181}]}	Área relevada para Jardinería / Plantas	#FF5722	0102000020E6100000020000009D37C260460B51C03AC2D45C8F7F30C0C11DC961470B51C0455E7B0B907F30C0
5	Polilinea	{"tipo": "polyline", "puntos": [{"lat": -16.49828674, "lng": -68.17627781}, {"lat": -16.49824852, "lng": -68.17658509}, {"lat": -16.49928131, "lng": -68.17687209}]}	Área relevada para Frutas y Verduras / Frutas y Verduras	#FF5722	0102000020E610000003000000793DB922480B51C0995444B88F7F30C0B8A08C2B4D0B51C02FAE0A378D7F30C0038850DF510B51C03CF461E6D07F30C0
6	Polilinea	{"tipo": "polyline", "puntos": [{"lat": -16.49855553, "lng": -68.17471837}, {"lat": -16.49772568, "lng": -68.17440619}]}	Área relevada para Misceláneos / Accesorios militares	#FF5722	0102000020E610000002000000444AF5952E0B51C00797D055A17F30C047919478290B51C0B7FA3DF36A7F30C0
7	Polilinea	{"tipo": "polyline", "puntos": [{"lat": -16.49782115, "lng": -68.1744942}, {"lat": -16.49754304, "lng": -68.17594406}]}	Área relevada para Ropa y Calzado / Ropa usada	#FF5722	0102000020E610000002000000DE95B8E92A0B51C0D281F634717F30C008E8DFAA420B51C005270DFB5E7F30C0
8	Polilinea	{"tipo": "polyline", "puntos": [{"lat": -16.49751382, "lng": -68.17577674}, {"lat": -16.49727309, "lng": -68.17631197}, {"lat": -16.49733314, "lng": -68.17628275}]}	Área relevada para Mascotas / Mascotas	#FF5722	0102000020E610000003000000A46C15ED3F0B51C04235D2105D7F30C0C64200B2480B51C01ABB0A4A4D7F30C055867137480B51C059848339517F30C0
9	Polilinea	{"tipo": "polyline", "puntos": [{"lat": -16.49742246, "lng": -68.1763323}, {"lat": -16.49830935, "lng": -68.17653838}, {"lat": -16.4983032, "lng": -68.17647398}]}	Área relevada para Jardinería / Plantas	#FF5722	0102000020E6100000030000009F6E4507490B51C0F1FE0D14577F30C0AF25A2674C0B51C0808A9933917F30C07A2C85594B0B51C0FD7D6BCC907F30C0
10	Polilinea	{"tipo": "polyline", "puntos": [{"lat": -16.49823349, "lng": -68.176062}, {"lat": -16.49860935, "lng": -68.17466094}]}	Área relevada para Ropa y Calzado / Ropa nueva	#FF5722	0102000020E61000000200000060048D99440B51C06B52E13A8C7F30C0124C14A52D0B51C0D5BAC3DCA47F30C0
11	Polilinea	{"tipo": "polyline", "puntos": [{"lat": -16.4976626, "lng": -68.17447786}, {"lat": -16.49700422, "lng": -68.17425607}]}	Área relevada para Artículos del Hogar / Cortinas	#FF5722	0102000020E610000002000000DEA42FA52A0B51C03D71EFD0667F30C0E371EE02270B51C0BEDF26AB3B7F30C0
12	Polilinea	{"tipo": "polyline", "puntos": [{"lat": -16.49681171, "lng": -68.1742154}, {"lat": -16.49650053, "lng": -68.17617441}]}	Área relevada para Artículos del Hogar / Muebles varios	#FF5722	0102000020E610000002000000695D5958260B51C047B85E0D2F7F30C0E5550871460B51C0F2CBA2A81A7F30C0
13	Polilinea	{"tipo": "polyline", "puntos": [{"lat": -16.49671523, "lng": -68.17613436}, {"lat": -16.49685813, "lng": -68.17623665}]}	Área relevada para Mascotas / Mascotas	#FF5722	0102000020E610000002000000B9F90CC9450B51C06E46B4BA287F30C0D3061676470B51C00A1A2B18327F30C0
14	Polilinea	{"tipo": "polyline", "puntos": [{"lat": -16.49687175, "lng": -68.17623165}, {"lat": -16.49714115, "lng": -68.17631588}]}	Área relevada para Jardinería / Plantas	#FF5722	0102000020E6100000020000004A511D61470B51C0698EACFC327F30C0649766C2480B51C0EFBE74A4447F30C0
15	Polilinea	{"tipo": "polyline", "puntos": [{"lat": -16.49728623, "lng": -68.17628117}, {"lat": -16.49767052, "lng": -68.17457401}]}	Área relevada para Ropa y Calzado / Ropa usada	#FF5722	0102000020E6100000020000003D03D130480B51C0E4997E264E7F30C09FEB77382C0B51C05495CF55677F30C0
16	Polilinea	{"tipo": "polyline", "puntos": [{"lat": -16.49973147, "lng": -68.17501724}, {"lat": -16.49863393, "lng": -68.17471531}]}	Área relevada para Ropa y Calzado / Ropa nueva	#FF5722	0102000020E6100000020000005182827B330B51C0986ED066EE7F30C0DFA31F892E0B51C0A5062679A67F30C0
17	Polilinea	{"tipo": "polyline", "puntos": [{"lat": -16.49867948, "lng": -68.17471003}, {"lat": -16.49827298, "lng": -68.17620568}]}	Área relevada para Ropa y Calzado / Ropa nueva	#FF5722	0102000020E6100000020000008648FA722E0B51C04AC95975A97F30C00B3E30F4460B51C0999469D18E7F30C0
18	Polilinea	{"tipo": "polyline", "puntos": [{"lat": -16.49867948, "lng": -68.17471003}, {"lat": -16.49827298, "lng": -68.17620568}]}	Área relevada para Ropa y Calzado / Zapatillas deportivas nuevas	#FF5722	0102000020E6100000020000008648FA722E0B51C04AC95975A97F30C00B3E30F4460B51C0999469D18E7F30C0
19	Polilinea	{"tipo": "polyline", "puntos": [{"lat": -16.49855553, "lng": -68.17471837}, {"lat": -16.49772568, "lng": -68.17440619}]}	Área relevada para Ropa y Calzado / Ropa nueva	#FF5722	0102000020E610000002000000444AF5952E0B51C00797D055A17F30C047919478290B51C0B7FA3DF36A7F30C0
20	Polilinea	{"tipo": "polyline", "puntos": [{"lat": -16.49751382, "lng": -68.17577674}, {"lat": -16.49727309, "lng": -68.17631197}, {"lat": -16.49733314, "lng": -68.17628275}]}	Área relevada para Mascotas / Mascotas	#FF5722	0102000020E610000003000000A46C15ED3F0B51C04235D2105D7F30C0C64200B2480B51C01ABB0A4A4D7F30C055867137480B51C059848339517F30C0
21	Polilinea	{"tipo": "polyline", "puntos": [{"lat": -16.49782115, "lng": -68.1744942}, {"lat": -16.49754304, "lng": -68.17594406}]}	Área relevada para Artículos del Hogar / Ollas	#FF5722	0102000020E610000002000000DE95B8E92A0B51C0D281F634717F30C008E8DFAA420B51C005270DFB5E7F30C0
22	Polilinea	{"tipo": "polyline", "puntos": [{"lat": -16.49782115, "lng": -68.1744942}, {"lat": -16.49754304, "lng": -68.17594406}]}	Área relevada para Juguetes y Accesorios / Juguetes	#FF5722	0102000020E610000002000000DE95B8E92A0B51C0D281F634717F30C008E8DFAA420B51C005270DFB5E7F30C0
23	Polilinea	{"tipo": "polyline", "puntos": [{"lat": -16.49782115, "lng": -68.1744942}, {"lat": -16.49754304, "lng": -68.17594406}]}	Área relevada para Ropa y Calzado / Zapatillas deportivas nuevas	#FF5722	0102000020E610000002000000DE95B8E92A0B51C0D281F634717F30C008E8DFAA420B51C005270DFB5E7F30C0
2	Polilinea	{"tipo": "polyline", "puntos": [{"lat": -16.49973147, "lng": -68.17501724}, {"lat": -16.49863393, "lng": -68.17471531}]}	Área relevada para Misceláneos / Accesorios militares	#FF5722	0102000020E6100000020000005182827B330B51C0986ED066EE7F30C0DFA31F892E0B51C0A5062679A67F30C0
24	Polilinea	{"tipo": "polyline", "puntos": [{"lat": -16.49823349, "lng": -68.176062}, {"lat": -16.49860935, "lng": -68.17466094}]}	Área relevada para Alimentos y Bebidas / Comida	#FF5722	0102000020E61000000200000060048D99440B51C06B52E13A8C7F30C0124C14A52D0B51C0D5BAC3DCA47F30C0
25	Polilinea	{"tipo": "polyline", "puntos": [{"lat": -16.49823349, "lng": -68.176062}, {"lat": -16.49860935, "lng": -68.17466094}]}	Área relevada para Ropa y Calzado / Zapatillas deportivas nuevas	#FF5722	0102000020E61000000200000060048D99440B51C06B52E13A8C7F30C0124C14A52D0B51C0D5BAC3DCA47F30C0
26	Polilinea	{"tipo": "polyline", "puntos": [{"lat": -16.4976626, "lng": -68.17447786}, {"lat": -16.49700422, "lng": -68.17425607}]}	Área relevada para Ropa y Calzado / Ropa nueva	#FF5722	0102000020E610000002000000DEA42FA52A0B51C03D71EFD0667F30C0E371EE02270B51C0BEDF26AB3B7F30C0
27	Polilinea	{"tipo": "polyline", "puntos": [{"lat": -16.49671523, "lng": -68.17613436}, {"lat": -16.49685813, "lng": -68.17623665}]}	Área relevada para Mascotas / Mascotas	#FF5722	0102000020E610000002000000B9F90CC9450B51C06E46B4BA287F30C0D3061676470B51C00A1A2B18327F30C0
28	Polilinea	{"tipo": "polyline", "puntos": [{"lat": -16.49671523, "lng": -68.17613436}, {"lat": -16.49685813, "lng": -68.17623665}]}	Área relevada para Mascotas / Mascotas	#FF5722	0102000020E610000002000000B9F90CC9450B51C06E46B4BA287F30C0D3061676470B51C00A1A2B18327F30C0
29	Polilinea	{"tipo": "polyline", "puntos": [{"lat": -16.49828674, "lng": -68.17627781}, {"lat": -16.49824852, "lng": -68.17658509}, {"lat": -16.49928131, "lng": -68.17687209}]}	Área relevada para Carnicería / Carnicería	#FF5722	0102000020E610000003000000793DB922480B51C0995444B88F7F30C0B8A08C2B4D0B51C02FAE0A378D7F30C0038850DF510B51C03CF461E6D07F30C0
30	Polilinea	{"tipo": "polyline", "puntos": [{"lat": -16.49828674, "lng": -68.17627781}, {"lat": -16.49824852, "lng": -68.17658509}, {"lat": -16.49928131, "lng": -68.17687209}]}	Área relevada para Frutas y Verduras / Frutas y Verduras	#FF5722	0102000020E610000003000000793DB922480B51C0995444B88F7F30C0B8A08C2B4D0B51C02FAE0A378D7F30C0038850DF510B51C03CF461E6D07F30C0
31	Polilinea	{"tipo": "polyline", "puntos": [{"lat": -16.49728623, "lng": -68.17628117}, {"lat": -16.49767052, "lng": -68.17457401}]}	Área relevada para Alimentos y Bebidas / Comida	#FF5722	0102000020E6100000020000003D03D130480B51C0E4997E264E7F30C09FEB77382C0B51C05495CF55677F30C0
32	Polilinea	{"tipo": "polyline", "puntos": [{"lat": -16.49728623, "lng": -68.17628117}, {"lat": -16.49767052, "lng": -68.17457401}]}	Área relevada para Artículos del Hogar / Ollas	#FF5722	0102000020E6100000020000003D03D130480B51C0E4997E264E7F30C09FEB77382C0B51C05495CF55677F30C0
33	Polilinea	{"tipo": "polyline", "puntos": [{"lat": -16.49728623, "lng": -68.17628117}, {"lat": -16.49767052, "lng": -68.17457401}]}	Área relevada para Ropa y Calzado / Zapatillas deportivas nuevas	#FF5722	0102000020E6100000020000003D03D130480B51C0E4997E264E7F30C09FEB77382C0B51C05495CF55677F30C0
\.


--
-- Data for Name: mapas_rubros; Type: TABLE DATA; Schema: public; Owner: postgres
--

COPY public.mapas_rubros (id_rubro, nombre, descripcion, id_area_id) FROM stdin;
1	Misceláneos	Rubro Misceláneos	2
2	Alimentos y Bebidas\n	Rubro Alimentos y Bebidas\n	3
3	Jardinería	Rubro Jardinería	4
4	Frutas y Verduras	Rubro Frutas y Verduras	5
5	Ropa y Calzado	Rubro Ropa y Calzado	7
6	Mascotas	Rubro Mascotas	8
7	Artículos del Hogar	Rubro Artículos del Hogar	11
8	Juguetes y Accesorios	Rubro Juguetes y Accesorios	22
9	Alimentos y Bebidas	Rubro Alimentos y Bebidas	24
10	Carnicería	Rubro Carnicería	29
\.


--
-- Data for Name: mapas_subrubro; Type: TABLE DATA; Schema: public; Owner: postgres
--

COPY public.mapas_subrubro (id_subrubro, nombre, descripcion, id_rubro_id) FROM stdin;
1	Accesorios militares	Subrubro Accesorios militares	1
2	Comida	Subrubro Comida	2
3	Plantas	Subrubro Plantas	3
4	Frutas y Verduras	Subrubro Frutas y Verduras	4
5	Ropa usada	Subrubro Ropa usada	5
6	Mascotas	Subrubro Mascotas	6
7	Ropa nueva	Subrubro Ropa nueva	5
8	Cortinas	Subrubro Cortinas	7
9	Muebles varios	Subrubro Muebles varios	7
10	Zapatillas deportivas nuevas	Subrubro Zapatillas deportivas nuevas	5
11	Ollas	Subrubro Ollas	7
12	Juguetes	Subrubro Juguetes	8
13	Comida	Subrubro Comida	9
14	Carnicería	Subrubro Carnicería	10
\.


--
-- Data for Name: negocios_negocio; Type: TABLE DATA; Schema: public; Owner: postgres
--

COPY public.negocios_negocio (id_negocio, nombre_negocio, descripcion, id_user_id) FROM stdin;
\.


--
-- Data for Name: rutas_historial_rutas; Type: TABLE DATA; Schema: public; Owner: postgres
--

COPY public.rutas_historial_rutas (id_rutas, ruta_completa, visitada, fecha, id_articulo_id, id_user_id) FROM stdin;
\.


--
-- Data for Name: spatial_ref_sys; Type: TABLE DATA; Schema: public; Owner: postgres
--

COPY public.spatial_ref_sys (srid, auth_name, auth_srid, srtext, proj4text) FROM stdin;
\.


--
-- Data for Name: suscripciones_suscripciones; Type: TABLE DATA; Schema: public; Owner: postgres
--

COPY public.suscripciones_suscripciones (id_suscripcion, tipo, fecha_inicio, fecha_final, estado, costo, id_user_id) FROM stdin;
\.


--
-- Data for Name: usuarios_ubicaciones; Type: TABLE DATA; Schema: public; Owner: postgres
--

COPY public.usuarios_ubicaciones (id_ubicacion, latitud, longitud, tipo, fecha_actualizacion, id_user_id) FROM stdin;
\.


--
-- Data for Name: usuarios_userapp; Type: TABLE DATA; Schema: public; Owner: postgres
--

COPY public.usuarios_userapp (id_user, "UID", email, proveedor, nombre, imagen, rol, ultimo_inicio, telefono, estado) FROM stdin;
3	eb0S1nci9MWgQ8ghVuCZjAiQ5Pv2	mymouseapp@gmail.com	google	MyMouse app	https://lh3.googleusercontent.com/a/ACg8ocIvMPv-XSLdhewERgR4fP31pVQvWlLe6DUUmvkJysCUQYwCkQ=s96-c	usuario	2025-10-24 23:18:44.684199+00	\N	activo
4	Z3gAiyVxaDczwi4rb1JQKUXlOqT2	16dejulioprueba@gmail.com	google	16deJulii	https://lh3.googleusercontent.com/a/ACg8ocJrh2SZwYhqkDFMR0GbYufOWeYzS36NdOTuDPHWAX8fVJuQVw=s96-c	usuario	2026-02-10 21:26:30.236163+00	\N	activo
5	CWR0QyaPb3RQleiT8r6DsPxDQwf2	cadenayovanito@gmail.com	google	Yovani Cadena	https://lh3.googleusercontent.com/a/ACg8ocJdhPN5W170TXT-E32E3wtHetVNpKgrM0-8ykU08lsum_jS1A=s96-c	usuario	2026-01-08 23:10:30.116419+00	\N	activo
1	ymFnQGsqbLN3YvNmBXZHzd2YmTW2	pruebadejulio5@gmail.com	google	16 de Julio	https://lh3.googleusercontent.com/a/ACg8ocI3AbXiKg6Qogd4nP9wufZ1N70RZa3KJVK43KlqSupe6JwlBg=s96-c	usuario	2025-11-11 00:06:07.172507+00	\N	inactivo
\.


--
-- Data for Name: usuarios_usuario; Type: TABLE DATA; Schema: public; Owner: postgres
--

COPY public.usuarios_usuario (id, password, last_login, is_superuser, email, nombre, telefono, tipo_usuario, is_active, is_staff, fecha_creacion, firebase_uid) FROM stdin;
1	pbkdf2_sha256$390000$GkVQWCs44t59BNLyPehMMf$abo4WdQDh8h8r6MXvgMKQBx/mQlfmt0eOJdoTM5T0uc=	2025-10-09 20:50:28.978769+00	t	yovani_ca@hotmail.com	Yovani	\N	comprador	t	t	2025-10-09 20:44:47.037698+00	\N
2		\N	f			\N	comprador	t	f	2025-10-11 16:36:29.162968+00	bt7Oh4UvG0agAn8vl5l59jHBSvS2
14		\N	f	16dejulioprueba@gmail.com	16deJulii	\N	comprador	t	f	2025-11-08 00:23:25.532502+00	\N
15	pbkdf2_sha256$390000$lr4cyAJALTKzrVRn7Vg1RE$1XIEmmNyevHxt58J1LP+YFowA4mhy6TGVhnJOryqWw4=	2025-12-16 23:59:04.591954+00	t	cadenayovani@gmail.com	Yovani	\N	comprador	t	t	2025-12-16 23:56:59.697952+00	\N
\.


--
-- Data for Name: usuarios_usuario_groups; Type: TABLE DATA; Schema: public; Owner: postgres
--

COPY public.usuarios_usuario_groups (id, usuario_id, group_id) FROM stdin;
\.


--
-- Data for Name: usuarios_usuario_user_permissions; Type: TABLE DATA; Schema: public; Owner: postgres
--

COPY public.usuarios_usuario_user_permissions (id, usuario_id, permission_id) FROM stdin;
\.


--
-- Data for Name: ventas_articulos_venta; Type: TABLE DATA; Schema: public; Owner: postgres
--

COPY public.ventas_articulos_venta (id_venta, nombre, descripcion, precio, fecha, estado, id_user_id) FROM stdin;
\.


--
-- Data for Name: ventas_galeria; Type: TABLE DATA; Schema: public; Owner: postgres
--

COPY public.ventas_galeria (id_galeria, tipo, url, descripcion, id_venta_id) FROM stdin;
\.


--
-- Data for Name: ventas_ofertas; Type: TABLE DATA; Schema: public; Owner: postgres
--

COPY public.ventas_ofertas (id_oferta, precio, imagen, fecha_inicio, fecha_final, estado, id_venta_id) FROM stdin;
\.


--
-- Data for Name: geocode_settings; Type: TABLE DATA; Schema: tiger; Owner: postgres
--

COPY tiger.geocode_settings (name, setting, unit, category, short_desc) FROM stdin;
\.


--
-- Data for Name: pagc_gaz; Type: TABLE DATA; Schema: tiger; Owner: postgres
--

COPY tiger.pagc_gaz (id, seq, word, stdword, token, is_custom) FROM stdin;
\.


--
-- Data for Name: pagc_lex; Type: TABLE DATA; Schema: tiger; Owner: postgres
--

COPY tiger.pagc_lex (id, seq, word, stdword, token, is_custom) FROM stdin;
\.


--
-- Data for Name: pagc_rules; Type: TABLE DATA; Schema: tiger; Owner: postgres
--

COPY tiger.pagc_rules (id, rule, is_custom) FROM stdin;
\.


--
-- Data for Name: topology; Type: TABLE DATA; Schema: topology; Owner: postgres
--

COPY topology.topology (id, name, srid, "precision", hasz) FROM stdin;
\.


--
-- Data for Name: layer; Type: TABLE DATA; Schema: topology; Owner: postgres
--

COPY topology.layer (topology_id, layer_id, schema_name, table_name, feature_column, feature_type, level, child_id) FROM stdin;
\.


--
-- Name: auth_group_id_seq; Type: SEQUENCE SET; Schema: public; Owner: postgres
--

SELECT pg_catalog.setval('public.auth_group_id_seq', 1, false);


--
-- Name: auth_group_permissions_id_seq; Type: SEQUENCE SET; Schema: public; Owner: postgres
--

SELECT pg_catalog.setval('public.auth_group_permissions_id_seq', 1, false);


--
-- Name: auth_permission_id_seq; Type: SEQUENCE SET; Schema: public; Owner: postgres
--

SELECT pg_catalog.setval('public.auth_permission_id_seq', 80, true);


--
-- Name: catalogo_articulos_id_articulo_seq; Type: SEQUENCE SET; Schema: public; Owner: postgres
--

SELECT pg_catalog.setval('public.catalogo_articulos_id_articulo_seq', 32, true);


--
-- Name: django_admin_log_id_seq; Type: SEQUENCE SET; Schema: public; Owner: postgres
--

SELECT pg_catalog.setval('public.django_admin_log_id_seq', 1, false);


--
-- Name: django_content_type_id_seq; Type: SEQUENCE SET; Schema: public; Owner: postgres
--

SELECT pg_catalog.setval('public.django_content_type_id_seq', 20, true);


--
-- Name: django_migrations_id_seq; Type: SEQUENCE SET; Schema: public; Owner: postgres
--

SELECT pg_catalog.setval('public.django_migrations_id_seq', 36, true);


--
-- Name: interacciones_busquedas_id_busqueda_seq; Type: SEQUENCE SET; Schema: public; Owner: postgres
--

SELECT pg_catalog.setval('public.interacciones_busquedas_id_busqueda_seq', 1, false);


--
-- Name: interacciones_calificaciones_id_calificacion_seq; Type: SEQUENCE SET; Schema: public; Owner: postgres
--

SELECT pg_catalog.setval('public.interacciones_calificaciones_id_calificacion_seq', 1, false);


--
-- Name: mapas_area_id_area_seq; Type: SEQUENCE SET; Schema: public; Owner: postgres
--

SELECT pg_catalog.setval('public.mapas_area_id_area_seq', 33, true);


--
-- Name: mapas_rubros_id_rubro_seq; Type: SEQUENCE SET; Schema: public; Owner: postgres
--

SELECT pg_catalog.setval('public.mapas_rubros_id_rubro_seq', 10, true);


--
-- Name: mapas_subrubro_id_subrubro_seq; Type: SEQUENCE SET; Schema: public; Owner: postgres
--

SELECT pg_catalog.setval('public.mapas_subrubro_id_subrubro_seq', 14, true);


--
-- Name: negocios_negocio_id_negocio_seq; Type: SEQUENCE SET; Schema: public; Owner: postgres
--

SELECT pg_catalog.setval('public.negocios_negocio_id_negocio_seq', 1, false);


--
-- Name: rutas_historial_rutas_id_rutas_seq; Type: SEQUENCE SET; Schema: public; Owner: postgres
--

SELECT pg_catalog.setval('public.rutas_historial_rutas_id_rutas_seq', 1, false);


--
-- Name: suscripciones_suscripciones_id_suscripcion_seq; Type: SEQUENCE SET; Schema: public; Owner: postgres
--

SELECT pg_catalog.setval('public.suscripciones_suscripciones_id_suscripcion_seq', 1, false);


--
-- Name: usuarios_ubicaciones_id_ubicacion_seq; Type: SEQUENCE SET; Schema: public; Owner: postgres
--

SELECT pg_catalog.setval('public.usuarios_ubicaciones_id_ubicacion_seq', 1, false);


--
-- Name: usuarios_userapp_id_user_seq; Type: SEQUENCE SET; Schema: public; Owner: postgres
--

SELECT pg_catalog.setval('public.usuarios_userapp_id_user_seq', 5, true);


--
-- Name: usuarios_usuario_groups_id_seq; Type: SEQUENCE SET; Schema: public; Owner: postgres
--

SELECT pg_catalog.setval('public.usuarios_usuario_groups_id_seq', 1, false);


--
-- Name: usuarios_usuario_id_seq; Type: SEQUENCE SET; Schema: public; Owner: postgres
--

SELECT pg_catalog.setval('public.usuarios_usuario_id_seq', 15, true);


--
-- Name: usuarios_usuario_user_permissions_id_seq; Type: SEQUENCE SET; Schema: public; Owner: postgres
--

SELECT pg_catalog.setval('public.usuarios_usuario_user_permissions_id_seq', 1, false);


--
-- Name: ventas_articulos_venta_id_venta_seq; Type: SEQUENCE SET; Schema: public; Owner: postgres
--

SELECT pg_catalog.setval('public.ventas_articulos_venta_id_venta_seq', 1, false);


--
-- Name: ventas_galeria_id_galeria_seq; Type: SEQUENCE SET; Schema: public; Owner: postgres
--

SELECT pg_catalog.setval('public.ventas_galeria_id_galeria_seq', 1, false);


--
-- Name: ventas_ofertas_id_oferta_seq; Type: SEQUENCE SET; Schema: public; Owner: postgres
--

SELECT pg_catalog.setval('public.ventas_ofertas_id_oferta_seq', 1, false);


--
-- Name: topology_id_seq; Type: SEQUENCE SET; Schema: topology; Owner: postgres
--

SELECT pg_catalog.setval('topology.topology_id_seq', 1, false);


--
-- Name: auth_group auth_group_name_key; Type: CONSTRAINT; Schema: public; Owner: postgres
--

ALTER TABLE ONLY public.auth_group
    ADD CONSTRAINT auth_group_name_key UNIQUE (name);


--
-- Name: auth_group_permissions auth_group_permissions_group_id_permission_id_0cd325b0_uniq; Type: CONSTRAINT; Schema: public; Owner: postgres
--

ALTER TABLE ONLY public.auth_group_permissions
    ADD CONSTRAINT auth_group_permissions_group_id_permission_id_0cd325b0_uniq UNIQUE (group_id, permission_id);


--
-- Name: auth_group_permissions auth_group_permissions_pkey; Type: CONSTRAINT; Schema: public; Owner: postgres
--

ALTER TABLE ONLY public.auth_group_permissions
    ADD CONSTRAINT auth_group_permissions_pkey PRIMARY KEY (id);


--
-- Name: auth_group auth_group_pkey; Type: CONSTRAINT; Schema: public; Owner: postgres
--

ALTER TABLE ONLY public.auth_group
    ADD CONSTRAINT auth_group_pkey PRIMARY KEY (id);


--
-- Name: auth_permission auth_permission_content_type_id_codename_01ab375a_uniq; Type: CONSTRAINT; Schema: public; Owner: postgres
--

ALTER TABLE ONLY public.auth_permission
    ADD CONSTRAINT auth_permission_content_type_id_codename_01ab375a_uniq UNIQUE (content_type_id, codename);


--
-- Name: auth_permission auth_permission_pkey; Type: CONSTRAINT; Schema: public; Owner: postgres
--

ALTER TABLE ONLY public.auth_permission
    ADD CONSTRAINT auth_permission_pkey PRIMARY KEY (id);


--
-- Name: catalogo_articulos catalogo_articulos_pkey; Type: CONSTRAINT; Schema: public; Owner: postgres
--

ALTER TABLE ONLY public.catalogo_articulos
    ADD CONSTRAINT catalogo_articulos_pkey PRIMARY KEY (id_articulo);


--
-- Name: django_admin_log django_admin_log_pkey; Type: CONSTRAINT; Schema: public; Owner: postgres
--

ALTER TABLE ONLY public.django_admin_log
    ADD CONSTRAINT django_admin_log_pkey PRIMARY KEY (id);


--
-- Name: django_content_type django_content_type_app_label_model_76bd3d3b_uniq; Type: CONSTRAINT; Schema: public; Owner: postgres
--

ALTER TABLE ONLY public.django_content_type
    ADD CONSTRAINT django_content_type_app_label_model_76bd3d3b_uniq UNIQUE (app_label, model);


--
-- Name: django_content_type django_content_type_pkey; Type: CONSTRAINT; Schema: public; Owner: postgres
--

ALTER TABLE ONLY public.django_content_type
    ADD CONSTRAINT django_content_type_pkey PRIMARY KEY (id);


--
-- Name: django_migrations django_migrations_pkey; Type: CONSTRAINT; Schema: public; Owner: postgres
--

ALTER TABLE ONLY public.django_migrations
    ADD CONSTRAINT django_migrations_pkey PRIMARY KEY (id);


--
-- Name: django_session django_session_pkey; Type: CONSTRAINT; Schema: public; Owner: postgres
--

ALTER TABLE ONLY public.django_session
    ADD CONSTRAINT django_session_pkey PRIMARY KEY (session_key);


--
-- Name: interacciones_busquedas interacciones_busquedas_pkey; Type: CONSTRAINT; Schema: public; Owner: postgres
--

ALTER TABLE ONLY public.interacciones_busquedas
    ADD CONSTRAINT interacciones_busquedas_pkey PRIMARY KEY (id_busqueda);


--
-- Name: interacciones_calificaciones interacciones_calificaci_id_user_id_id_user_vende_d85ce61a_uniq; Type: CONSTRAINT; Schema: public; Owner: postgres
--

ALTER TABLE ONLY public.interacciones_calificaciones
    ADD CONSTRAINT interacciones_calificaci_id_user_id_id_user_vende_d85ce61a_uniq UNIQUE (id_user_id, id_user_vendedor_id);


--
-- Name: interacciones_calificaciones interacciones_calificaciones_pkey; Type: CONSTRAINT; Schema: public; Owner: postgres
--

ALTER TABLE ONLY public.interacciones_calificaciones
    ADD CONSTRAINT interacciones_calificaciones_pkey PRIMARY KEY (id_calificacion);


--
-- Name: mapas_area mapas_area_pkey; Type: CONSTRAINT; Schema: public; Owner: postgres
--

ALTER TABLE ONLY public.mapas_area
    ADD CONSTRAINT mapas_area_pkey PRIMARY KEY (id_area);


--
-- Name: mapas_rubros mapas_rubros_nombre_key; Type: CONSTRAINT; Schema: public; Owner: postgres
--

ALTER TABLE ONLY public.mapas_rubros
    ADD CONSTRAINT mapas_rubros_nombre_key UNIQUE (nombre);


--
-- Name: mapas_rubros mapas_rubros_pkey; Type: CONSTRAINT; Schema: public; Owner: postgres
--

ALTER TABLE ONLY public.mapas_rubros
    ADD CONSTRAINT mapas_rubros_pkey PRIMARY KEY (id_rubro);


--
-- Name: mapas_subrubro mapas_subrubro_pkey; Type: CONSTRAINT; Schema: public; Owner: postgres
--

ALTER TABLE ONLY public.mapas_subrubro
    ADD CONSTRAINT mapas_subrubro_pkey PRIMARY KEY (id_subrubro);


--
-- Name: negocios_negocio negocios_negocio_id_user_id_key; Type: CONSTRAINT; Schema: public; Owner: postgres
--

ALTER TABLE ONLY public.negocios_negocio
    ADD CONSTRAINT negocios_negocio_id_user_id_key UNIQUE (id_user_id);


--
-- Name: negocios_negocio negocios_negocio_pkey; Type: CONSTRAINT; Schema: public; Owner: postgres
--

ALTER TABLE ONLY public.negocios_negocio
    ADD CONSTRAINT negocios_negocio_pkey PRIMARY KEY (id_negocio);


--
-- Name: rutas_historial_rutas rutas_historial_rutas_pkey; Type: CONSTRAINT; Schema: public; Owner: postgres
--

ALTER TABLE ONLY public.rutas_historial_rutas
    ADD CONSTRAINT rutas_historial_rutas_pkey PRIMARY KEY (id_rutas);


--
-- Name: suscripciones_suscripciones suscripciones_suscripciones_pkey; Type: CONSTRAINT; Schema: public; Owner: postgres
--

ALTER TABLE ONLY public.suscripciones_suscripciones
    ADD CONSTRAINT suscripciones_suscripciones_pkey PRIMARY KEY (id_suscripcion);


--
-- Name: usuarios_ubicaciones usuarios_ubicaciones_pkey; Type: CONSTRAINT; Schema: public; Owner: postgres
--

ALTER TABLE ONLY public.usuarios_ubicaciones
    ADD CONSTRAINT usuarios_ubicaciones_pkey PRIMARY KEY (id_ubicacion);


--
-- Name: usuarios_userapp usuarios_userapp_UID_key; Type: CONSTRAINT; Schema: public; Owner: postgres
--

ALTER TABLE ONLY public.usuarios_userapp
    ADD CONSTRAINT "usuarios_userapp_UID_key" UNIQUE ("UID");


--
-- Name: usuarios_userapp usuarios_userapp_pkey; Type: CONSTRAINT; Schema: public; Owner: postgres
--

ALTER TABLE ONLY public.usuarios_userapp
    ADD CONSTRAINT usuarios_userapp_pkey PRIMARY KEY (id_user);


--
-- Name: usuarios_usuario usuarios_usuario_email_key; Type: CONSTRAINT; Schema: public; Owner: postgres
--

ALTER TABLE ONLY public.usuarios_usuario
    ADD CONSTRAINT usuarios_usuario_email_key UNIQUE (email);


--
-- Name: usuarios_usuario usuarios_usuario_firebase_uid_key; Type: CONSTRAINT; Schema: public; Owner: postgres
--

ALTER TABLE ONLY public.usuarios_usuario
    ADD CONSTRAINT usuarios_usuario_firebase_uid_key UNIQUE (firebase_uid);


--
-- Name: usuarios_usuario_groups usuarios_usuario_groups_pkey; Type: CONSTRAINT; Schema: public; Owner: postgres
--

ALTER TABLE ONLY public.usuarios_usuario_groups
    ADD CONSTRAINT usuarios_usuario_groups_pkey PRIMARY KEY (id);


--
-- Name: usuarios_usuario_groups usuarios_usuario_groups_usuario_id_group_id_4ed5b09e_uniq; Type: CONSTRAINT; Schema: public; Owner: postgres
--

ALTER TABLE ONLY public.usuarios_usuario_groups
    ADD CONSTRAINT usuarios_usuario_groups_usuario_id_group_id_4ed5b09e_uniq UNIQUE (usuario_id, group_id);


--
-- Name: usuarios_usuario usuarios_usuario_pkey; Type: CONSTRAINT; Schema: public; Owner: postgres
--

ALTER TABLE ONLY public.usuarios_usuario
    ADD CONSTRAINT usuarios_usuario_pkey PRIMARY KEY (id);


--
-- Name: usuarios_usuario_user_permissions usuarios_usuario_user_pe_usuario_id_permission_id_217cadcd_uniq; Type: CONSTRAINT; Schema: public; Owner: postgres
--

ALTER TABLE ONLY public.usuarios_usuario_user_permissions
    ADD CONSTRAINT usuarios_usuario_user_pe_usuario_id_permission_id_217cadcd_uniq UNIQUE (usuario_id, permission_id);


--
-- Name: usuarios_usuario_user_permissions usuarios_usuario_user_permissions_pkey; Type: CONSTRAINT; Schema: public; Owner: postgres
--

ALTER TABLE ONLY public.usuarios_usuario_user_permissions
    ADD CONSTRAINT usuarios_usuario_user_permissions_pkey PRIMARY KEY (id);


--
-- Name: ventas_articulos_venta ventas_articulos_venta_pkey; Type: CONSTRAINT; Schema: public; Owner: postgres
--

ALTER TABLE ONLY public.ventas_articulos_venta
    ADD CONSTRAINT ventas_articulos_venta_pkey PRIMARY KEY (id_venta);


--
-- Name: ventas_galeria ventas_galeria_pkey; Type: CONSTRAINT; Schema: public; Owner: postgres
--

ALTER TABLE ONLY public.ventas_galeria
    ADD CONSTRAINT ventas_galeria_pkey PRIMARY KEY (id_galeria);


--
-- Name: ventas_ofertas ventas_ofertas_pkey; Type: CONSTRAINT; Schema: public; Owner: postgres
--

ALTER TABLE ONLY public.ventas_ofertas
    ADD CONSTRAINT ventas_ofertas_pkey PRIMARY KEY (id_oferta);


--
-- Name: auth_group_name_a6ea08ec_like; Type: INDEX; Schema: public; Owner: postgres
--

CREATE INDEX auth_group_name_a6ea08ec_like ON public.auth_group USING btree (name varchar_pattern_ops);


--
-- Name: auth_group_permissions_group_id_b120cbf9; Type: INDEX; Schema: public; Owner: postgres
--

CREATE INDEX auth_group_permissions_group_id_b120cbf9 ON public.auth_group_permissions USING btree (group_id);


--
-- Name: auth_group_permissions_permission_id_84c5c92e; Type: INDEX; Schema: public; Owner: postgres
--

CREATE INDEX auth_group_permissions_permission_id_84c5c92e ON public.auth_group_permissions USING btree (permission_id);


--
-- Name: auth_permission_content_type_id_2f476e4b; Type: INDEX; Schema: public; Owner: postgres
--

CREATE INDEX auth_permission_content_type_id_2f476e4b ON public.auth_permission USING btree (content_type_id);


--
-- Name: catalogo_articulos_id_subrubro_id_001bc1b1; Type: INDEX; Schema: public; Owner: postgres
--

CREATE INDEX catalogo_articulos_id_subrubro_id_001bc1b1 ON public.catalogo_articulos USING btree (id_subrubro_id);


--
-- Name: django_admin_log_content_type_id_c4bce8eb; Type: INDEX; Schema: public; Owner: postgres
--

CREATE INDEX django_admin_log_content_type_id_c4bce8eb ON public.django_admin_log USING btree (content_type_id);


--
-- Name: django_admin_log_user_id_c564eba6; Type: INDEX; Schema: public; Owner: postgres
--

CREATE INDEX django_admin_log_user_id_c564eba6 ON public.django_admin_log USING btree (user_id);


--
-- Name: django_session_expire_date_a5c62663; Type: INDEX; Schema: public; Owner: postgres
--

CREATE INDEX django_session_expire_date_a5c62663 ON public.django_session USING btree (expire_date);


--
-- Name: django_session_session_key_c0390e0f_like; Type: INDEX; Schema: public; Owner: postgres
--

CREATE INDEX django_session_session_key_c0390e0f_like ON public.django_session USING btree (session_key varchar_pattern_ops);


--
-- Name: interacciones_busquedas_id_user_id_4335205e; Type: INDEX; Schema: public; Owner: postgres
--

CREATE INDEX interacciones_busquedas_id_user_id_4335205e ON public.interacciones_busquedas USING btree (id_user_id);


--
-- Name: interacciones_calificaciones_id_user_id_1b5a57cf; Type: INDEX; Schema: public; Owner: postgres
--

CREATE INDEX interacciones_calificaciones_id_user_id_1b5a57cf ON public.interacciones_calificaciones USING btree (id_user_id);


--
-- Name: interacciones_calificaciones_id_user_vendedor_id_13fb20f4; Type: INDEX; Schema: public; Owner: postgres
--

CREATE INDEX interacciones_calificaciones_id_user_vendedor_id_13fb20f4 ON public.interacciones_calificaciones USING btree (id_user_vendedor_id);


--
-- Name: mapas_area_geometria_ebb0db32_id; Type: INDEX; Schema: public; Owner: postgres
--

CREATE INDEX mapas_area_geometria_ebb0db32_id ON public.mapas_area USING gist (geometria);


--
-- Name: mapas_rubros_id_area_id_e95bdc40; Type: INDEX; Schema: public; Owner: postgres
--

CREATE INDEX mapas_rubros_id_area_id_e95bdc40 ON public.mapas_rubros USING btree (id_area_id);


--
-- Name: mapas_rubros_nombre_0deb1d27_like; Type: INDEX; Schema: public; Owner: postgres
--

CREATE INDEX mapas_rubros_nombre_0deb1d27_like ON public.mapas_rubros USING btree (nombre varchar_pattern_ops);


--
-- Name: mapas_subrubro_id_rubro_id_39150554; Type: INDEX; Schema: public; Owner: postgres
--

CREATE INDEX mapas_subrubro_id_rubro_id_39150554 ON public.mapas_subrubro USING btree (id_rubro_id);


--
-- Name: negocios_ne_id_user_55de2c_idx; Type: INDEX; Schema: public; Owner: postgres
--

CREATE INDEX negocios_ne_id_user_55de2c_idx ON public.negocios_negocio USING btree (id_user_id);


--
-- Name: rutas_historial_rutas_id_articulo_id_e305e796; Type: INDEX; Schema: public; Owner: postgres
--

CREATE INDEX rutas_historial_rutas_id_articulo_id_e305e796 ON public.rutas_historial_rutas USING btree (id_articulo_id);


--
-- Name: rutas_historial_rutas_id_user_id_4d8c14b8; Type: INDEX; Schema: public; Owner: postgres
--

CREATE INDEX rutas_historial_rutas_id_user_id_4d8c14b8 ON public.rutas_historial_rutas USING btree (id_user_id);


--
-- Name: suscripciones_suscripciones_id_user_id_e8d5c00f; Type: INDEX; Schema: public; Owner: postgres
--

CREATE INDEX suscripciones_suscripciones_id_user_id_e8d5c00f ON public.suscripciones_suscripciones USING btree (id_user_id);


--
-- Name: usuarios_ub_id_user_4f1560_idx; Type: INDEX; Schema: public; Owner: postgres
--

CREATE INDEX usuarios_ub_id_user_4f1560_idx ON public.usuarios_ubicaciones USING btree (id_user_id);


--
-- Name: usuarios_ub_latitud_08acfc_idx; Type: INDEX; Schema: public; Owner: postgres
--

CREATE INDEX usuarios_ub_latitud_08acfc_idx ON public.usuarios_ubicaciones USING btree (latitud, longitud);


--
-- Name: usuarios_ubicaciones_id_user_id_06a12493; Type: INDEX; Schema: public; Owner: postgres
--

CREATE INDEX usuarios_ubicaciones_id_user_id_06a12493 ON public.usuarios_ubicaciones USING btree (id_user_id);


--
-- Name: usuarios_userapp_UID_2b61cdae_like; Type: INDEX; Schema: public; Owner: postgres
--

CREATE INDEX "usuarios_userapp_UID_2b61cdae_like" ON public.usuarios_userapp USING btree ("UID" varchar_pattern_ops);


--
-- Name: usuarios_usuario_email_0a82e5f9_like; Type: INDEX; Schema: public; Owner: postgres
--

CREATE INDEX usuarios_usuario_email_0a82e5f9_like ON public.usuarios_usuario USING btree (email varchar_pattern_ops);


--
-- Name: usuarios_usuario_firebase_uid_71527afd_like; Type: INDEX; Schema: public; Owner: postgres
--

CREATE INDEX usuarios_usuario_firebase_uid_71527afd_like ON public.usuarios_usuario USING btree (firebase_uid varchar_pattern_ops);


--
-- Name: usuarios_usuario_groups_group_id_e77f6dcf; Type: INDEX; Schema: public; Owner: postgres
--

CREATE INDEX usuarios_usuario_groups_group_id_e77f6dcf ON public.usuarios_usuario_groups USING btree (group_id);


--
-- Name: usuarios_usuario_groups_usuario_id_7a34077f; Type: INDEX; Schema: public; Owner: postgres
--

CREATE INDEX usuarios_usuario_groups_usuario_id_7a34077f ON public.usuarios_usuario_groups USING btree (usuario_id);


--
-- Name: usuarios_usuario_user_permissions_permission_id_4e5c0f2f; Type: INDEX; Schema: public; Owner: postgres
--

CREATE INDEX usuarios_usuario_user_permissions_permission_id_4e5c0f2f ON public.usuarios_usuario_user_permissions USING btree (permission_id);


--
-- Name: usuarios_usuario_user_permissions_usuario_id_60aeea80; Type: INDEX; Schema: public; Owner: postgres
--

CREATE INDEX usuarios_usuario_user_permissions_usuario_id_60aeea80 ON public.usuarios_usuario_user_permissions USING btree (usuario_id);


--
-- Name: ventas_arti_estado_8913eb_idx; Type: INDEX; Schema: public; Owner: postgres
--

CREATE INDEX ventas_arti_estado_8913eb_idx ON public.ventas_articulos_venta USING btree (estado);


--
-- Name: ventas_arti_id_user_9c675f_idx; Type: INDEX; Schema: public; Owner: postgres
--

CREATE INDEX ventas_arti_id_user_9c675f_idx ON public.ventas_articulos_venta USING btree (id_user_id);


--
-- Name: ventas_arti_precio_35fb09_idx; Type: INDEX; Schema: public; Owner: postgres
--

CREATE INDEX ventas_arti_precio_35fb09_idx ON public.ventas_articulos_venta USING btree (precio);


--
-- Name: ventas_articulos_venta_id_user_id_f8df137d; Type: INDEX; Schema: public; Owner: postgres
--

CREATE INDEX ventas_articulos_venta_id_user_id_f8df137d ON public.ventas_articulos_venta USING btree (id_user_id);


--
-- Name: ventas_galeria_id_venta_id_312f616c; Type: INDEX; Schema: public; Owner: postgres
--

CREATE INDEX ventas_galeria_id_venta_id_312f616c ON public.ventas_galeria USING btree (id_venta_id);


--
-- Name: ventas_ofertas_id_venta_id_8f5bebde; Type: INDEX; Schema: public; Owner: postgres
--

CREATE INDEX ventas_ofertas_id_venta_id_8f5bebde ON public.ventas_ofertas USING btree (id_venta_id);


--
-- Name: auth_group_permissions auth_group_permissio_permission_id_84c5c92e_fk_auth_perm; Type: FK CONSTRAINT; Schema: public; Owner: postgres
--

ALTER TABLE ONLY public.auth_group_permissions
    ADD CONSTRAINT auth_group_permissio_permission_id_84c5c92e_fk_auth_perm FOREIGN KEY (permission_id) REFERENCES public.auth_permission(id) DEFERRABLE INITIALLY DEFERRED;


--
-- Name: auth_group_permissions auth_group_permissions_group_id_b120cbf9_fk_auth_group_id; Type: FK CONSTRAINT; Schema: public; Owner: postgres
--

ALTER TABLE ONLY public.auth_group_permissions
    ADD CONSTRAINT auth_group_permissions_group_id_b120cbf9_fk_auth_group_id FOREIGN KEY (group_id) REFERENCES public.auth_group(id) DEFERRABLE INITIALLY DEFERRED;


--
-- Name: auth_permission auth_permission_content_type_id_2f476e4b_fk_django_co; Type: FK CONSTRAINT; Schema: public; Owner: postgres
--

ALTER TABLE ONLY public.auth_permission
    ADD CONSTRAINT auth_permission_content_type_id_2f476e4b_fk_django_co FOREIGN KEY (content_type_id) REFERENCES public.django_content_type(id) DEFERRABLE INITIALLY DEFERRED;


--
-- Name: catalogo_articulos catalogo_articulos_id_subrubro_id_001bc1b1_fk_mapas_sub; Type: FK CONSTRAINT; Schema: public; Owner: postgres
--

ALTER TABLE ONLY public.catalogo_articulos
    ADD CONSTRAINT catalogo_articulos_id_subrubro_id_001bc1b1_fk_mapas_sub FOREIGN KEY (id_subrubro_id) REFERENCES public.mapas_subrubro(id_subrubro) DEFERRABLE INITIALLY DEFERRED;


--
-- Name: django_admin_log django_admin_log_content_type_id_c4bce8eb_fk_django_co; Type: FK CONSTRAINT; Schema: public; Owner: postgres
--

ALTER TABLE ONLY public.django_admin_log
    ADD CONSTRAINT django_admin_log_content_type_id_c4bce8eb_fk_django_co FOREIGN KEY (content_type_id) REFERENCES public.django_content_type(id) DEFERRABLE INITIALLY DEFERRED;


--
-- Name: django_admin_log django_admin_log_user_id_c564eba6_fk_usuarios_usuario_id; Type: FK CONSTRAINT; Schema: public; Owner: postgres
--

ALTER TABLE ONLY public.django_admin_log
    ADD CONSTRAINT django_admin_log_user_id_c564eba6_fk_usuarios_usuario_id FOREIGN KEY (user_id) REFERENCES public.usuarios_usuario(id) DEFERRABLE INITIALLY DEFERRED;


--
-- Name: interacciones_busquedas interacciones_busque_id_user_id_4335205e_fk_usuarios_; Type: FK CONSTRAINT; Schema: public; Owner: postgres
--

ALTER TABLE ONLY public.interacciones_busquedas
    ADD CONSTRAINT interacciones_busque_id_user_id_4335205e_fk_usuarios_ FOREIGN KEY (id_user_id) REFERENCES public.usuarios_userapp(id_user) DEFERRABLE INITIALLY DEFERRED;


--
-- Name: interacciones_calificaciones interacciones_califi_id_user_id_1b5a57cf_fk_usuarios_; Type: FK CONSTRAINT; Schema: public; Owner: postgres
--

ALTER TABLE ONLY public.interacciones_calificaciones
    ADD CONSTRAINT interacciones_califi_id_user_id_1b5a57cf_fk_usuarios_ FOREIGN KEY (id_user_id) REFERENCES public.usuarios_userapp(id_user) DEFERRABLE INITIALLY DEFERRED;


--
-- Name: interacciones_calificaciones interacciones_califi_id_user_vendedor_id_13fb20f4_fk_usuarios_; Type: FK CONSTRAINT; Schema: public; Owner: postgres
--

ALTER TABLE ONLY public.interacciones_calificaciones
    ADD CONSTRAINT interacciones_califi_id_user_vendedor_id_13fb20f4_fk_usuarios_ FOREIGN KEY (id_user_vendedor_id) REFERENCES public.usuarios_userapp(id_user) DEFERRABLE INITIALLY DEFERRED;


--
-- Name: mapas_rubros mapas_rubros_id_area_id_e95bdc40_fk_mapas_area_id_area; Type: FK CONSTRAINT; Schema: public; Owner: postgres
--

ALTER TABLE ONLY public.mapas_rubros
    ADD CONSTRAINT mapas_rubros_id_area_id_e95bdc40_fk_mapas_area_id_area FOREIGN KEY (id_area_id) REFERENCES public.mapas_area(id_area) DEFERRABLE INITIALLY DEFERRED;


--
-- Name: mapas_subrubro mapas_subrubro_id_rubro_id_39150554_fk_mapas_rubros_id_rubro; Type: FK CONSTRAINT; Schema: public; Owner: postgres
--

ALTER TABLE ONLY public.mapas_subrubro
    ADD CONSTRAINT mapas_subrubro_id_rubro_id_39150554_fk_mapas_rubros_id_rubro FOREIGN KEY (id_rubro_id) REFERENCES public.mapas_rubros(id_rubro) DEFERRABLE INITIALLY DEFERRED;


--
-- Name: negocios_negocio negocios_negocio_id_user_id_028ee3e6_fk_usuarios_; Type: FK CONSTRAINT; Schema: public; Owner: postgres
--

ALTER TABLE ONLY public.negocios_negocio
    ADD CONSTRAINT negocios_negocio_id_user_id_028ee3e6_fk_usuarios_ FOREIGN KEY (id_user_id) REFERENCES public.usuarios_userapp(id_user) DEFERRABLE INITIALLY DEFERRED;


--
-- Name: rutas_historial_rutas rutas_historial_ruta_id_articulo_id_e305e796_fk_catalogo_; Type: FK CONSTRAINT; Schema: public; Owner: postgres
--

ALTER TABLE ONLY public.rutas_historial_rutas
    ADD CONSTRAINT rutas_historial_ruta_id_articulo_id_e305e796_fk_catalogo_ FOREIGN KEY (id_articulo_id) REFERENCES public.catalogo_articulos(id_articulo) DEFERRABLE INITIALLY DEFERRED;


--
-- Name: rutas_historial_rutas rutas_historial_ruta_id_user_id_4d8c14b8_fk_usuarios_; Type: FK CONSTRAINT; Schema: public; Owner: postgres
--

ALTER TABLE ONLY public.rutas_historial_rutas
    ADD CONSTRAINT rutas_historial_ruta_id_user_id_4d8c14b8_fk_usuarios_ FOREIGN KEY (id_user_id) REFERENCES public.usuarios_userapp(id_user) DEFERRABLE INITIALLY DEFERRED;


--
-- Name: suscripciones_suscripciones suscripciones_suscri_id_user_id_e8d5c00f_fk_usuarios_; Type: FK CONSTRAINT; Schema: public; Owner: postgres
--

ALTER TABLE ONLY public.suscripciones_suscripciones
    ADD CONSTRAINT suscripciones_suscri_id_user_id_e8d5c00f_fk_usuarios_ FOREIGN KEY (id_user_id) REFERENCES public.usuarios_userapp(id_user) DEFERRABLE INITIALLY DEFERRED;


--
-- Name: usuarios_ubicaciones usuarios_ubicaciones_id_user_id_06a12493_fk_usuarios_; Type: FK CONSTRAINT; Schema: public; Owner: postgres
--

ALTER TABLE ONLY public.usuarios_ubicaciones
    ADD CONSTRAINT usuarios_ubicaciones_id_user_id_06a12493_fk_usuarios_ FOREIGN KEY (id_user_id) REFERENCES public.usuarios_userapp(id_user) DEFERRABLE INITIALLY DEFERRED;


--
-- Name: usuarios_usuario_groups usuarios_usuario_gro_usuario_id_7a34077f_fk_usuarios_; Type: FK CONSTRAINT; Schema: public; Owner: postgres
--

ALTER TABLE ONLY public.usuarios_usuario_groups
    ADD CONSTRAINT usuarios_usuario_gro_usuario_id_7a34077f_fk_usuarios_ FOREIGN KEY (usuario_id) REFERENCES public.usuarios_usuario(id) DEFERRABLE INITIALLY DEFERRED;


--
-- Name: usuarios_usuario_groups usuarios_usuario_groups_group_id_e77f6dcf_fk_auth_group_id; Type: FK CONSTRAINT; Schema: public; Owner: postgres
--

ALTER TABLE ONLY public.usuarios_usuario_groups
    ADD CONSTRAINT usuarios_usuario_groups_group_id_e77f6dcf_fk_auth_group_id FOREIGN KEY (group_id) REFERENCES public.auth_group(id) DEFERRABLE INITIALLY DEFERRED;


--
-- Name: usuarios_usuario_user_permissions usuarios_usuario_use_permission_id_4e5c0f2f_fk_auth_perm; Type: FK CONSTRAINT; Schema: public; Owner: postgres
--

ALTER TABLE ONLY public.usuarios_usuario_user_permissions
    ADD CONSTRAINT usuarios_usuario_use_permission_id_4e5c0f2f_fk_auth_perm FOREIGN KEY (permission_id) REFERENCES public.auth_permission(id) DEFERRABLE INITIALLY DEFERRED;


--
-- Name: usuarios_usuario_user_permissions usuarios_usuario_use_usuario_id_60aeea80_fk_usuarios_; Type: FK CONSTRAINT; Schema: public; Owner: postgres
--

ALTER TABLE ONLY public.usuarios_usuario_user_permissions
    ADD CONSTRAINT usuarios_usuario_use_usuario_id_60aeea80_fk_usuarios_ FOREIGN KEY (usuario_id) REFERENCES public.usuarios_usuario(id) DEFERRABLE INITIALLY DEFERRED;


--
-- Name: ventas_articulos_venta ventas_articulos_ven_id_user_id_f8df137d_fk_usuarios_; Type: FK CONSTRAINT; Schema: public; Owner: postgres
--

ALTER TABLE ONLY public.ventas_articulos_venta
    ADD CONSTRAINT ventas_articulos_ven_id_user_id_f8df137d_fk_usuarios_ FOREIGN KEY (id_user_id) REFERENCES public.usuarios_userapp(id_user) DEFERRABLE INITIALLY DEFERRED;


--
-- Name: ventas_galeria ventas_galeria_id_venta_id_312f616c_fk_ventas_ar; Type: FK CONSTRAINT; Schema: public; Owner: postgres
--

ALTER TABLE ONLY public.ventas_galeria
    ADD CONSTRAINT ventas_galeria_id_venta_id_312f616c_fk_ventas_ar FOREIGN KEY (id_venta_id) REFERENCES public.ventas_articulos_venta(id_venta) DEFERRABLE INITIALLY DEFERRED;


--
-- Name: ventas_ofertas ventas_ofertas_id_venta_id_8f5bebde_fk_ventas_ar; Type: FK CONSTRAINT; Schema: public; Owner: postgres
--

ALTER TABLE ONLY public.ventas_ofertas
    ADD CONSTRAINT ventas_ofertas_id_venta_id_8f5bebde_fk_ventas_ar FOREIGN KEY (id_venta_id) REFERENCES public.ventas_articulos_venta(id_venta) DEFERRABLE INITIALLY DEFERRED;


--
-- PostgreSQL database dump complete
--

